train_L,train_nll,train_kld,train_mmd
1.5076148509979248,1.467580795288086,2.8088231086730957,0.0023939439561218023
